Algorithm,Found Path,Path Length,Steps,Time (sec)
BFS,True,62,479,3.7587780952453613
DFS,True,148,234,1.6820814609527588
A*,True,62,334,2.4126577377319336
